Time,original_time,x,y,vx,vy,theta,omega,ax,steering_angle,cmd_steering_angle,cmd_velocity,velocity_error
0.0,1.751294683127272e+18,0.0,0.0,0.30954072211990136,0.08114239261833465,0.0,0.22047894032929358,2.669948948508144,0.20006846927045954,0.2000000029802322,3.0,-2.6904592778800986
0.025,1.751294683152272e+18,-0.0025452728281709306,-0.005119516211016914,0.37630693603019283,0.07996129376528242,0.006397994270057383,0.2903886693833001,2.6499812015024378,0.1941509784528063,0.2000000029802322,3.0,-2.623693063969807
0.05,1.7512946831772718e+18,0.0024988693457365634,-0.0051469334761610275,0.4422639361139283,0.07685444668306218,0.010694748033575285,0.3601292919305565,2.618465642989398,0.19148353173331023,0.2000000029802322,3.0,-2.5577360638860718
0.07500000000000001,1.751294683202272e+18,0.012494213767017578,-0.00016590305811639517,0.5068289199883285,0.07015664665658321,0.02073908345375375,0.4284013062217725,2.565548564965951,0.19432343939471622,0.2000000029802322,3.0,-2.4931710800116713
0.1,1.751294683227272e+18,0.0200920326821275,-0.0001464263555827452,0.5697130091582464,0.059053498029497685,0.029664935740630227,0.49417363317091156,2.4864161310552064,0.20296969787385177,0.2000000029802322,3.0,-2.4302869908417537
0.125,1.7512946832522719e+18,0.04066466170888221,0.0016575643265371947,0.6307506887056632,0.04364367578855994,0.04682973063411766,0.5569057901471164,2.38338571466076,0.215077618520788,0.2000000029802322,3.0,-2.369249311294337
0.15000000000000002,1.751294683277272e+18,0.05387235560385865,0.002035659419472483,0.689690032490638,0.024719730431081156,0.06057716560425974,0.6166518607585636,2.2669901628340536,0.22552164668069294,0.2000000029802322,3.0,-2.310309967509362
0.17500000000000002,1.751294683302272e+18,0.07973193664734547,0.0001227782778508994,0.7461585039453427,0.0034459848945625803,0.07918537099235201,0.6740659136155454,2.1554210860534924,0.22712551484804558,0.2000000029802322,3.0,-2.2538414960546573
0.2,1.751294683327272e+18,0.09439134305676841,0.000797341131525065,0.7999168170901281,-0.018873869833379783,0.09464602728514038,0.7303784323681143,2.0717974534599066,0.21240580755750435,0.2000000029802322,3.0,-2.200083182909872
0.225,1.751294683352272e+18,0.12413520818693931,0.007561888279412061,0.8512871052728128,-0.04084118858946148,0.10503962534290712,0.7873922655315096,2.0392324635958152,0.17607093039076538,0.2000000029802322,3.0,-2.148712894727187
0.25,1.7512946833772718e+18,0.1457226994959484,0.00905896758494863,0.9014685898067016,-0.0608822250795076,0.12589925470225638,0.8473012592097134,2.074531070994597,0.11748920556120997,0.2000000029802322,3.0,-2.0985314101932984
0.275,1.751294683402272e+18,0.1831613225082549,0.0045446429787698575,0.9524828693318844,-0.07728400296255858,0.1566293570548225,0.9118187925291128,2.182235864101416,0.04197026676063066,0.2000000029802322,3.0,-2.0475171306681155
0.30000000000000004,1.751294683427272e+18,0.21370792653323117,0.010642587304575494,1.0067072994164976,-0.08860669367225926,0.18452876096396853,0.9802122438437061,2.3511869029673593,-0.04010612901312449,-0.2000000029802322,3.0,-1.9932927005835024
0.325,1.7512946834522719e+18,0.24248887300506472,0.012652822760408008,1.0661964782195201,-0.09446010571692687,0.2065645976445356,1.0466417560164403,2.5554137608290035,-0.11632519213281804,-0.2000000029802322,3.0,-1.9338035217804799
0.35000000000000003,1.751294683477272e+18,0.2600946321394376,0.01536672303007294,1.1320877207217512,-0.09621251946325524,0.22315721130701327,1.0982409511274522,2.7599881640329196,-0.17617965996778662,-0.2000000029802322,3.0,-1.8679122792782488
0.375,1.751294683502272e+18,0.2981274683196863,0.01927897207721966,1.2042997892533815,-0.09697905065641046,0.2469212807898571,1.1157342296139703,2.9307561545076735,-0.21407296548327281,-0.2000000029802322,3.0,-1.7957002107466185
0.4,1.751294683527272e+18,0.33084642243613854,0.02551639836102759,1.2815781793651033,-0.10046848526147284,0.27596669883382896,1.0775018728134438,3.0452271000914912,-0.23016517792043037,-0.2000000029802322,3.0,-1.7184218206348967
0.42500000000000004,1.751294683552272e+18,0.3829524849520072,0.04951308119684823,1.361844812954972,-0.1089188043206916,0.314557425523577,0.9662588825073848,3.1009655549174364,-0.2291323244045093,-0.2000000029802322,3.0,-1.638155187045028
0.45,1.7512946835772718e+18,0.4197519140490553,0.05846242788140325,1.4427927975432144,-0.12108304012206764,0.35132298245936333,0.7759574432885233,3.1180797806426788,-0.2178537936692808,-0.2000000029802322,3.0,-1.5572072024567856
0.47500000000000003,1.751294683602272e+18,0.45147655701891193,0.05808960990051302,1.5226467094863927,-0.13155197491161766,0.36337365069448513,0.5160410193694843,3.1339413552243025,-0.20318685687743065,-0.2000000029802322,3.0,-1.4773532905136073
0.5,1.751294683627272e+18,0.4918784973356237,0.07048285810506989,1.6009178710400447,-0.13226524418055502,0.3963164112165607,0.21098015707301634,3.1907689580451777,-0.19054625012599907,-0.2000000029802322,3.0,-1.3990821289599553
0.525,1.7512946836522719e+18,0.5391222477654325,0.08620766847184447,1.6788597637744223,-0.11593424536752595,0.3933700440887693,-0.10521068699308195,3.319414340150409,-0.18340487708169484,-0.2000000029802322,3.0,-1.3211402362255777
0.55,1.751294683677272e+18,0.5834755807407933,0.10146883931966212,1.7593000796186962,-0.07985575317776741,0.41721100516483345,-0.3977108578589383,3.5246179304681906,-0.18338709603612516,-0.2000000029802322,3.0,-1.2406999203813038
0.5750000000000001,1.751294683702272e+18,0.6218299887204366,0.12653204787265002,1.8456979653513395,-0.028051240150311425,0.38741568503128354,-0.6397522879165516,3.7772766591893814,-0.19048226586979644,-0.2000000029802322,3.0,-1.1543020346486605
0.6000000000000001,1.751294683727272e+18,0.6866489427120546,0.1605960436034047,1.940621874381058,0.029650299493615192,0.33836248020763104,-0.818559663713609,4.01749833015556,-0.2030537728700557,-0.2000000029802322,3.0,-1.059378125618942
0.625,1.751294683752272e+18,0.7208919318565586,0.17464072362638336,2.0442010588847404,0.08131191481290005,0.32776502214288983,-0.9367171411167794,4.168778247773814,-0.21763983473101714,-0.2000000029802322,3.0,-0.9557989411152596
0.65,1.7512946837772718e+18,0.7956097142129774,0.19904632524869445,2.1532534788802975,0.11749914724442526,0.2922640175078337,-1.009101617843513,4.159646079461148,-0.22886425592681475,-0.2000000029802322,3.0,-0.8467465211197025
0.675,1.751294683802272e+18,0.8478185790052415,0.21691697168121388,2.261597557387977,0.13446883306858134,0.26613448866443323,-1.05695512641439,3.946098139651336,-0.2299253604441676,-0.2000000029802322,3.0,-0.7384024426120228
0.7000000000000001,1.751294683827272e+18,0.9198978983514754,0.2329183127159906,2.3615703050189407,0.1345422920044858,0.23729384680719967,-1.1013358126724102,3.527333601981049,-0.21399184591586418,-0.2000000029802322,3.0,-0.6384296949810593
0.7250000000000001,1.7512946838522719e+18,0.964229228037765,0.24633284594283966,2.446230973783503,0.12392893386710417,0.21530487613258642,-1.1579155315963332,2.9492281774215656,-0.17639548620465725,-0.2000000029802322,3.0,-0.5537690262164969
0.75,1.751294683877272e+18,1.0444661217873314,0.2635664055923831,2.511402573269644,0.10958774566395554,0.18223318508257602,-1.2340719382431165,2.29400512986308,-0.11691473426734517,-0.2000000029802322,3.0,-0.4885974267303559
0.775,1.751294683902272e+18,1.0934970534967419,0.2765608164693126,2.5567676350123247,0.09693662866445467,0.15742975352617128,-1.3280832162218053,1.6592249543058109,-0.04100613730800052,-0.2000000029802322,3.0,-0.44323236498767526
0.8,1.751294683927272e+18,1.1664260848006314,0.2936224886882858,2.5856602932547843,0.08932136556323753,0.11473344353639559,-1.4296209169109715,1.1327604427726572,0.04101621964625042,0.2000000029802322,3.0,-0.4143397067452157
0.8250000000000001,1.751294683952272e+18,1.2154339862984112,0.3044643652468102,2.603749967681618,0.0888158888556714,0.08760248763486955,-1.5208598237955147,0.7715557982638569,0.11691736944741628,0.2000000029802322,3.0,-0.39625003231838196
0.8500000000000001,1.7512946839772718e+18,1.3258028987517418,0.30000971947538957,2.6172058623622614,0.09705183953603164,0.0366085070676101,-1.5781449651946784,0.5903635539302594,0.17638608248009127,0.2000000029802322,3.0,-0.3827941376377386
0.875,1.751294684002272e+18,1.379546272846915,0.30641748250154033,2.631020863897474,0.11494903041559407,0.005853095928419538,-1.5747733242252646,0.5630459804076304,0.21397097788969624,0.2000000029802322,3.0,-0.3689791361025261
0.9,1.751294684027272e+18,1.4321902911660964,0.3058108191727109,2.64800223331576,0.1413072997272353,-0.010985766308378997,-1.4854947650966444,0.6348478619869766,0.22989987430025208,0.2000000029802322,3.0,-0.35199776668424
0.925,1.7512946840522719e+18,1.5066601346842388,0.3113684921416341,2.6686276133774562,0.17140375316886017,-0.052633323560062895,-1.292562599606662,0.740802960456274,0.22884642693601295,0.2000000029802322,3.0,-0.33137238662254376
0.9500000000000001,1.751294684077272e+18,1.5999537202547767,0.31304327265262627,2.691628479974582,0.1970759371240838,-0.10386511365660933,-0.9919540870016155,0.8241315695541933,0.21764402326799206,0.2000000029802322,3.0,-0.308371520025418
0.9750000000000001,1.751294684102272e+18,1.6581578650607738,0.31588860249751144,2.7149170049313907,0.20891715052070167,-0.1359668652216246,-0.5975413885481357,0.8493119340721045,0.20309067043827841,0.2000000029802322,3.0,-0.28508299506860935
1.0,1.751294684127272e+18,1.7415453407980248,0.297982128354555,2.7364394684915947,0.1997276700061412,-0.16052944669521407,-0.14113662362120286,0.8068911997273466,0.19055192766041823,0.2000000029802322,3.0,-0.2635605315084053
1.0250000000000001,1.751294684152272e+18,1.8244087448548896,0.2928358031347536,2.7547273175857665,0.16736077559542764,-0.1965583382856031,0.33251129070886754,0.7100374852125387,0.18347323810114208,0.2000000029802322,3.0,-0.2452726824142335
1.05,1.7512946841772718e+18,1.889145106466347,0.27131207782710387,2.769150943637443,0.11534830488949928,-0.16763631373818932,0.7749306866564569,0.585313590258197,0.18347380276269448,0.2000000029802322,3.0,-0.23084905636255693
1.0750000000000002,1.751294684202272e+18,1.9886096766081007,0.25819099734111195,2.779964118006233,0.05101191471830298,-0.12317792297193697,1.144744928184959,0.4614905982467393,0.19055354324597631,0.2000000029802322,3.0,-0.2200358819937671
1.1,1.751294684227272e+18,2.0488796693543447,0.2491660891948532,2.788157937019385,-0.017736398311149894,-0.10440587578754057,1.4165348909754059,0.3601955991554128,0.20309306134817204,0.2000000029802322,3.0,-0.2118420629806148
1.125,1.7512946842522719e+18,2.10686360682646,0.24048349797824267,2.795095522485718,-0.08499342974927684,-0.08634585685330887,1.5848295535693744,0.2910061767315014,0.21764663143966417,0.2000000029802322,3.0,-0.20490447751428187
1.1500000000000001,1.751294684277272e+18,2.1717063400935475,0.23140856436630927,2.8019875988899123,-0.14748980887157565,-0.034358272081690844,1.6624186426116998,0.2517612970851143,0.22884837450451617,0.2000000029802322,3.0,-0.19801240111008767
1.175,1.751294684302272e+18,2.2679321404434205,0.237010179532501,2.8094191373517585,-0.20328911557375942,0.0279074171460576,1.6744984902114197,0.23298407598609894,0.22990008202621712,0.2000000029802322,3.0,-0.19058086264824148
1.2000000000000002,1.751294684327272e+18,2.3248312793329164,0.2324217247244923,2.817182009076857,-0.24995795016732353,0.05853134181315589,1.6513047989235552,0.2240089656275452,0.21396850421210575,0.2000000029802322,3.0,-0.1828179909231431
1.225,1.751294684352272e+18,2.442342576393583,0.22003832125851658,2.8245262554113233,-0.2839499462936216,0.1323878392732134,1.6214833534971702,0.21808235608160018,0.17638064850322704,0.2000000029802322,3.0,-0.1754737445886767
1.25,1.7512946843772718e+18,2.4766042968558346,0.2191136452228447,2.8306971357259907,-0.30199567742629263,0.15235112689835684,1.6072132851911987,0.21443349868541067,0.11690990403864276,0.2000000029802322,3.0,-0.1693028642740093
1.2750000000000001,1.751294684402272e+18,2.552736911160285,0.23129462119288413,2.8354547211862404,-0.30368891350265953,0.18819826493950753,1.62101181492496,0.216776961029574,0.041009145092339605,0.2000000029802322,3.0,-0.16454527881375958
1.3,1.751294684427272e+18,2.626808399398502,0.23654492318537992,2.8392933548764248,-0.2933967621092239,0.23181187867013509,1.663759561783103,0.2293037447072667,-0.04100919078626774,-0.2000000029802322,3.0,-0.16070664512357524
1.3250000000000002,1.7512946844522719e+18,2.698982521800102,0.26158050473892963,2.8432562120876974,-0.2798261044125113,0.2768802199870757,1.7237948778896999,0.25228650730506447,-0.11690998852560654,-0.2000000029802322,3.0,-0.1567437879123026
1.35,1.751294684477272e+18,2.783579917930695,0.27992733765676875,2.8484476720885743,-0.2728486729842329,0.3297996446041622,1.7775801199620074,0.2795300873915459,-0.17638078060925189,-0.2000000029802322,3.0,-0.1515523279114257
1.375,1.751294684502272e+18,2.850753149417451,0.30125619665934034,2.855474581087089,-0.2788219696022875,0.36147731653181703,1.7928794312659846,0.29902164618538896,-0.21396864459245166,-0.2000000029802322,3.0,-0.14452541891291082
1.4000000000000001,1.751294684527272e+18,2.9204265406647987,0.3196540563903512,2.864065145717005,-0.29681244038152427,0.40329753783338673,1.735067885240359,0.29667786883338987,-0.22990014613560264,-0.2000000029802322,3.0,-0.1359348542829948
1.425,1.751294684552272e+18,2.9761015734923775,0.3258789270142024,2.8730418468888694,-0.31801525833354194,0.44752182500283666,1.5759612186150358,0.2616946354997733,-0.22884826103074715,-0.2000000029802322,3.0,-0.12695815311113057
1.4500000000000002,1.7512946845772718e+18,3.031404241462274,0.3432898910144987,2.880687591938981,-0.3290638596687662,0.48369385023518296,1.3029058537779723,0.19127853725537616,-0.2176462723752659,-0.2000000029802322,3.0,-0.11931240806101906
1.475,1.751294684602272e+18,3.1400286150128167,0.40234477546700453,2.885373033763645,-0.3177316760296463,0.5440382389819292,0.924826592231956,0.09277532376619006,-0.20309247965293328,-0.2000000029802322,3.0,-0.11462696623635482
1.5,1.751294684627272e+18,3.2321698217258548,0.45536852983871856,2.886177206945984,-0.27819041416758844,0.5520582241499602,0.47243656848347537,-0.01772323521093606,-0.19055289444543985,-0.2000000029802322,3.0,-0.1138227930540161
1.5250000000000001,1.7512946846522719e+18,3.2781680825422255,0.4812024627948942,2.8832222160047474,-0.21332801855726494,0.5696406671788395,-0.008066766895657787,-0.11980162018168972,-0.18347337234986055,-0.2000000029802322,3.0,-0.11677778399525263
1.55,1.751294684677272e+18,3.365975620214197,0.5472367736090382,2.877582204837123,-0.13329898306309346,0.5765213293141,-0.4658379332181168,-0.19453498088092397,-0.18347337237808597,-0.2000000029802322,3.0,-0.12241779516287687
1.5750000000000002,1.751294684702272e+18,3.4041602548283847,0.5707983771218934,2.870838474715702,-0.05137747656879064,0.5823800657374706,-0.8570656791245833,-0.22963756686492634,-0.19055289505255893,-0.2000000029802322,3.0,-0.12916152528429814
1.6,1.751294684727272e+18,3.4683670113717397,0.6141198877722742,2.8645121886022626,0.020737152271458902,0.5402907222301008,-1.153843523054704,-0.22229802755169842,-0.20309248209292566,-0.2000000029802322,3.0,-0.13548781139773736
1.625,1.751294684752272e+18,3.5177111727585597,0.646926660350478,2.859636243164781,0.07615877702655009,0.5298508342370735,-1.3480043949764373,-0.1790396880875751,-0.21764627779865373,-0.2000000029802322,3.0,-0.14036375683521918
1.6500000000000001,1.7512946847772718e+18,3.5824137992715825,0.6792751869191196,2.8566252046814955,0.11364517406580397,0.46927974278748164,-1.449645803566804,-0.11303491100048411,-0.2288482694291292,-0.2000000029802322,3.0,-0.1433747953185045
1.675,1.751294684802272e+18,3.631707405449288,0.7108738525709917,2.855422110219107,0.1363367474782738,0.44623861317400326,-1.4817152712428714,-0.04005944872703543,-0.22990015551319365,-0.2000000029802322,3.0,-0.14457788978089292
1.7000000000000002,1.751294684827272e+18,3.73422067135485,0.7577676888174204,2.8557501149956304,0.1495456069981945,0.3864095026286267,-1.472847736039749,0.025523452743420535,-0.2139686508559306,-0.2000000029802322,3.0,-0.14424988500436964
1.725,1.7512946848522719e+18,3.7861252887537393,0.7864842907230968,2.857279773669886,0.15876358192457576,0.3585457519258872,-1.4505177124106192,0.07365330377771957,-0.17638077854776973,-0.2000000029802322,3.0,-0.14272022633011394
1.75,1.751294684877272e+18,3.8596663483640397,0.8091908728744911,2.8596424934264166,0.16843552029382644,0.32005455683669015,-1.4357493631258453,0.09979682442254259,-0.11690997393033879,-0.2000000029802322,3.0,-0.14035750657358337
1.7750000000000001,1.751294684902272e+18,3.9009214776485117,0.8281905209243571,2.862368445272153,0.18136771220900075,0.29778306792976084,-1.4396761763793164,0.10452853024939295,-0.041009163256619616,-0.2000000029802322,3.0,-0.13763155472784705
1.8,1.751294684927272e+18,3.9749379321381304,0.8502052323580881,2.864886201955963,0.19842441191379703,0.25327080845071603,-1.461753198515741,0.09190402695326357,0.04100917966888873,0.2000000029802322,3.0,-0.13511379804403711
1.8250000000000002,1.751294684952272e+18,4.05693858530378,0.8805900807462372,2.8666564391256815,0.21840592914442833,0.20537168119448634,-1.4895954872639667,0.06729632427739388,0.11690993273825871,0.2000000029802322,3.0,-0.13334356087431853
1.85,1.7512946849772718e+18,4.150157985892457,0.9044608577940844,2.8673774139728443,0.23829332580919155,0.1733368458564195,-1.5008412905506394,0.035438665820354494,0.17638065369634098,0.2000000029802322,3.0,-0.1326225860271557
1.8750000000000002,1.751294685002272e+18,4.232718463463167,0.9173134743392465,2.8671038116415652,0.2540202914971304,0.12267809771122073,-1.4674753385640338,-0.000669718892322644,0.21396846958048193,0.2000000029802322,3.0,-0.13289618835843475
1.9000000000000001,1.751294685027272e+18,4.289575838657294,0.9315062346979572,2.8661554718878186,0.2616075283784255,0.09164353196595054,-1.3623901990130969,-0.03961506679320912,0.2299000014167227,0.2000000029802322,3.0,-0.1338445281121814
1.925,1.7512946850522719e+18,4.398523430594202,0.9414302727426117,2.8648470277392297,0.258207631171809,0.04835915878904751,-1.166862772718319,-0.08025862283873846,0.2288482608904953,0.2000000029802322,3.0,-0.13515297226077028
1.9500000000000002,1.751294685077272e+18,4.45568797870999,0.9520324217473617,2.8632213138417457,0.24262903852537746,0.018072545410388496,-0.8767346973213804,-0.11987563773413693,0.21764652163506829,0.2000000029802322,3.0,-0.13677868615825428
1.975,1.751294685102272e+18,4.537561629443463,0.947274862972715,2.8609942252293155,0.2151950537312479,-0.017354629253673703,-0.5051125936067837,-0.1527283223030857,0.20309301169250416,0.2000000029802322,3.0,-0.13900577477068454
2.0,1.751294685127272e+18,4.566793175413711,0.9499673105552925,2.857792968139455,0.1771318365513265,-0.03154362454489257,-0.08055052560994726,-0.1700352848712147,0.19055361315497119,0.2000000029802322,3.0,-0.14220703186054484
2.025,1.751294685152272e+18,4.66917652262517,0.9481909236690759,2.8535731043588637,0.1298881486182925,-0.004631202467973994,0.35868107675996797,-0.16179083468583097,0.18347402721620287,0.2000000029802322,3.0,-0.1464268956411363
2.0500000000000003,1.7512946851772718e+18,4.730420554531266,0.9480685640590591,2.848956140427141,0.07478839405591999,-0.007133005203238119,0.7724558933950882,-0.12004946355606502,0.18347359621030912,0.2000000029802322,3.0,-0.15104385957285915
2.075,1.751294685202272e+18,4.8197007892818755,0.9449591847861463,2.845240436318439,0.013218834947875957,0.012545503347696219,1.1266792062865305,-0.04249725637281201,0.1905523205303843,0.2000000029802322,3.0,-0.15475956368156085
2.1,1.751294685227272e+18,4.879318820118528,0.9439438301730477,2.844017528065898,-0.052769858989397525,0.021930526932467664,1.399358745863664,0.06520606033680537,0.2030909246300987,0.2000000029802322,3.0,-0.15598247193410186
2.125,1.7512946852522719e+18,4.973062234407981,0.9430605950462289,2.846566043942268,-0.11985857364702676,0.09046801444696762,1.5835500813943082,0.1894911553446194,0.21764393300963825,0.2000000029802322,3.0,-0.1534339560577318
2.1500000000000004,1.751294685277272e+18,5.045273764345912,0.9417531288117159,2.853332429837685,-0.18338148321355197,0.12051607720798763,1.6866907982984707,0.31161583847496305,0.2288458367686804,0.2000000029802322,3.0,-0.14666757016231502
2.1750000000000003,1.751294685302272e+18,5.13036227512533,0.9590191128922384,2.8637518316090302,-0.2380957816177907,0.17382936355427314,1.7268877961771034,0.41226044436249476,0.22989878489849785,0.2000000029802322,3.0,-0.13624816839096976
2.2,1.751294685327272e+18,5.239932693722572,0.9649766001297015,2.8764677690725313,-0.2796562599519868,0.23191263919356175,1.7275765513895172,0.4764107025661398,0.21396963635542396,0.2000000029802322,3.0,-0.12353223092746868
2.225,1.751294685352272e+18,5.302539484221743,0.9727307462491493,2.889814341335187,-0.3061889100702083,0.2683211529965852,1.712175206254598,0.4968619558359019,0.1763850036002054,0.2000000029802322,3.0,-0.11018565866481289
2.25,1.7512946853772718e+18,5.361402986456914,0.9800212684719822,2.9023314060852416,-0.3191590170707111,0.3025527853248988,1.6998654139010616,0.4752652155671921,0.11691723736889814,0.2000000029802322,3.0,-0.09766859391475835
2.2750000000000004,1.751294685402272e+18,5.457415273473169,1.0082841364192388,2.9131061285619118,-0.32291244855646056,0.3465801053906996,1.7028023223994164,0.4206107395569068,0.04101764901642713,0.2000000029802322,3.0,-0.08689387143808824
2.3000000000000003,1.751294685427272e+18,5.5269532347908195,1.0383464048101656,2.9218404198881163,-0.32283458663383485,0.3848044071687873,1.724383397707115,0.34596400280588807,-0.04100294459154921,-0.2000000029802322,3.0,-0.07815958011188373
2.325,1.7512946854522719e+18,5.583281648232626,1.0542785055695538,2.928680312877787,-0.3228587868851682,0.41961604965950094,1.7581276175416,0.26475678993139706,-0.11691032812820719,-0.2000000029802322,3.0,-0.07131968712221282
2.35,1.751294685477272e+18,5.684621594599278,1.0798634069579163,2.9339429226808025,-0.32362413273045676,0.49488821786037673,1.7873275639183142,0.18785158031937818,-0.1763913337540587,-0.2000000029802322,3.0,-0.06605707731919752
2.375,1.751294685502272e+18,5.740110453219891,1.0986114689928885,2.9378934191611634,-0.32237863767815134,0.5325347753993112,1.7864230200776074,0.12206812940607152,-0.2139901407948534,-0.2000000029802322,3.0,-0.06210658083883658
2.4000000000000004,1.751294685527272e+18,5.82201489872884,1.160046848572446,2.940664143234661,-0.3146792598182394,0.5833626829818483,1.7251728457318023,0.07018677644470285,-0.22992836345407225,-0.2000000029802322,3.0,-0.059335856765339035
2.4250000000000003,1.751294685552272e+18,5.874120226127604,1.188230819009765,2.9423131856506544,-0.2967936994620306,0.6192779295125379,1.5757589046502871,0.03193080728208024,-0.22887321984382814,-0.2000000029802322,3.0,-0.05768681434934564
2.45,1.7512946855772718e+18,5.918274968149892,1.2203010095328144,2.9429420459199527,-0.26737478077905047,0.647633073523103,1.3213593709905413,0.0052529969546549395,-0.21765380182677396,-0.2000000029802322,3.0,-0.057057954080047324
2.475,1.751294685602272e+18,5.989761254756881,1.264995124939697,2.9427696148130136,-0.22763782951658132,0.6953019814978683,0.9634355168721425,-0.012605696421778207,-0.203068763863986,-0.2000000029802322,3.0,-0.05723038518698642
2.5,1.751294685627272e+18,6.029965618812108,1.2993036282475983,2.9421012248522973,-0.18032606138036852,0.7040087701631289,0.5247969083138169,-0.024509085171200602,-0.1904914872267884,-0.2000000029802322,3.0,-0.0578987751477027
2.5250000000000004,1.7512946856522719e+18,6.089392964162199,1.3427553965304053,2.941212067660395,-0.12843140321587995,0.7391283184935381,0.04663348555529453,-0.03320720167250756,-0.1833826545583126,-0.2000000029802322,3.0,-0.05878793233960522
2.5500000000000003,1.751294685677272e+18,6.142440407407842,1.395982219475547,2.9402302607774713,-0.07452942934681198,0.735990977303843,-0.42025189129844254,-0.04129611308993463,-0.18338103174637757,-0.2000000029802322,3.0,-0.059769739222528706
2.575,1.751294685702272e+18,6.209641724560269,1.4586633869802499,2.9391036139093023,-0.02088390677221203,0.7067095662657719,-0.8275274575065591,-0.05115033118462742,-0.19050349096090125,-0.2000000029802322,3.0,-0.060896386090697696
2.6,1.751294685727272e+18,6.267915201849731,1.5083131832559893,2.937667293966832,0.03015523855362644,0.6920883569048378,-1.140760432917721,-0.06471252996302146,-0.20313528090762142,-0.2000000029802322,3.0,-0.062332706033167984
2.625,1.751294685752272e+18,6.334093554569018,1.5677191332736282,2.935757973337106,0.07601868672941961,0.6765202675826288,-1.3463824332687453,-0.08312638252530692,-0.2178137063959313,-0.2000000029802322,3.0,-0.0642420266628938
2.6500000000000004,1.7512946857772718e+18,6.363772684725524,1.5913791817347167,2.933299090303757,0.11427116603872954,0.621687041107944,-1.4522989631568373,-0.10627497283291111,-0.2291301602059597,-0.2000000029802322,3.0,-0.0667009096962432
2.6750000000000003,1.751294685802272e+18,6.419210165048117,1.6401537346641755,2.9303141554853283,0.14331506658632084,0.5921120087834382,-1.4828314412478962,-0.1323481748506443,-0.23022403289097515,-0.2000000029802322,3.0,-0.06968584451467175
2.7,1.751294685827272e+18,6.498966196260394,1.6896106657626349,2.926878992611307,0.1631160439894456,0.522449260351822,-1.4704506871257763,-0.1576233635973797,-0.21419928072540473,-0.2000000029802322,3.0,-0.0731210073886932
2.725,1.7512946858522719e+18,6.606790719835043,1.7547917227552228,2.9230662168496195,0.17557220233054024,0.4783758805995503,-1.4470478585836928,-0.17668730833111687,-0.17635038181404566,-0.2000000029802322,3.0,-0.07693378315038046
2.75,1.751294685877272e+18,6.632302813194356,1.7721785964625447,2.9189402365242603,0.18420841380884478,0.46323450834144375,-1.4367321439964282,-0.1832959757459852,-0.11648200884130296,-0.2000000029802322,3.0,-0.08105976347573973
2.7750000000000004,1.751294685902272e+18,6.684531007068751,1.786560044801633,2.914621344707062,0.19309301785370314,0.4392015569780008,-1.4511575348412495,-0.1719048887351839,-0.040163720277483134,-0.2000000029802322,3.0,-0.08537865529293809
2.8000000000000003,1.751294685927272e+18,6.748642418237548,1.8318986261311136,2.9103805936276936,0.2052618472268272,0.3935646621001099,-1.4876502883821883,-0.13960559021637065,0.04209792288200939,0.2000000029802322,3.0,-0.08961940637230636
2.825,1.751294685952272e+18,6.822982660337876,1.863818323880999,2.9066957355290333,0.22130923727440174,0.3608529207949356,-1.5300375749577853,-0.08786985250116047,0.11784699620560919,0.2000000029802322,3.0,-0.09330426447096674
2.85,1.7512946859772718e+18,6.876194779144153,1.8887868189208221,2.904208306620237,0.2388506501572036,0.32818512397433786,-1.5519695863546643,-0.02330686961922139,0.17661692444001598,0.2000000029802322,3.0,-0.09579169337976312
2.875,1.751294686002272e+18,6.970735031337322,1.9291068304311216,2.903559931233659,0.25317530565672675,0.2625863431704214,-1.5224502035609817,0.043245579855645824,0.21298213388161893,0.2000000029802322,3.0,-0.09644006876634093
2.9000000000000004,1.751294686027272e+18,7.024874558398519,1.951326224076082,2.9051417868926164,0.25883829150114684,0.22933730539284802,-1.4129802376067802,0.0994768311237407,0.22746995487079158,0.2000000029802322,3.0,-0.09485821310738363
2.9250000000000003,1.7512946860522719e+18,7.10465775755384,1.9630111257847245,2.9088570504002607,0.2515300597445391,0.20158606392035838,-1.2050814106020193,0.13561689102557395,0.22533809349164663,0.2000000029802322,3.0,-0.09114294959973934
2.95,1.751294686077272e+18,7.188369996541425,1.9912477642894633,2.914035891170229,0.22949904228976462,0.15467600782753244,-0.896287818986059,0.14836720186133953,0.2141650386731318,0.2000000029802322,3.0,-0.08596410882977112
2.975,1.751294686102272e+18,7.250631727577882,1.9925399794467276,2.919602510776357,0.19407298894357558,0.14192249185212424,-0.5025974854391732,0.14304392523964227,0.20137988861136635,0.2000000029802322,3.0,-0.08039748922364298
3.0,1.751294686127272e+18,7.336685846545806,2.014117770395205,2.9244698617103997,0.14922603476708576,0.10042170849021215,-0.05630873583419181,0.13253464999123554,0.19248551506408268,0.2000000029802322,3.0,-0.07553013828960031
3.0250000000000004,1.751294686152272e+18,7.402465999479223,2.0148941603835366,2.9280043521304333,0.10044745815503577,0.10303596869251419,0.4002758705801712,0.13267746407263847,0.1902111853165541,0.2000000029802322,3.0,-0.07199564786956669
3.0500000000000003,1.7512946861772718e+18,7.465200343526482,2.025254966216972,2.9303432186293428,0.053285859988497636,0.08402539304788292,0.8235448567973307,0.1550937359521202,0.19445272961113996,0.2000000029802322,3.0,-0.06965678137065723
3.075,1.751294686202272e+18,7.548351854152767,2.0282202298143552,2.932382993852299,0.011903827577897303,0.12843241478473555,1.1774778036852573,0.19980462165170296,0.2027222550392387,0.2000000029802322,3.0,-0.06761700614770083
3.1,1.751294686227272e+18,7.649334379848259,2.0409364980987044,2.9353695683096857,-0.02206736126665557,0.2005723791310685,1.4406553743385042,0.25054981391168163,0.2108906216080476,0.2000000029802322,3.0,-0.06463043169031435
3.125,1.7512946862522719e+18,7.7030488814846825,2.046126886090878,2.9401836503861865,-0.050010194516569885,0.21539817032388253,1.6096746242270246,0.2752261049663595,0.21413780987440123,0.2000000029802322,3.0,-0.059816349613813546
3.1500000000000004,1.751294686277272e+18,7.796105724547462,2.0819964068037455,2.946574643768871,-0.07574377521294266,0.2868542648835637,1.6980405485568522,0.23229924017426373,0.20809377662347758,0.2000000029802322,3.0,-0.05342535623112887
3.1750000000000003,1.751294686302272e+18,7.85224435416532,2.1040223637627586,2.952663028635195,-0.10383968130530268,0.31976896551496536,1.730816377552875,0.08189241291861483,0.19007691014887204,0.2000000029802322,3.0,-0.04733697136480508
3.2,1.751294686327272e+18,7.940598506149956,2.1108361407623324,2.9549554136804,-0.13749225892327055,0.3749379145126486,1.7365420862930048,-0.20169804759398155,0.16014182329546692,0.2000000029802322,3.0,-0.045044586319599844
3.225,1.751294686352272e+18,7.988945920102739,2.1241065798149803,2.948934247703375,-0.17706064701100396,0.4045166204421682,1.7386221601028553,-0.6202657467019549,0.1214743585357813,0.2000000029802322,3.0,-0.05106575229662491
3.25,1.7512946863772718e+18,8.081118159129147,2.1701973264072323,2.930081399430704,-0.22004693062526523,0.4529973113321967,1.7484120104645988,-1.1484139117825873,0.07973885256070985,0.0,0.0,2.930081399430704
3.2750000000000004,1.751294686402272e+18,8.13679117769732,2.190411716492737,2.895036815228173,-0.26233234233320646,0.4869469555610694,1.7618206554084408,-1.7384481287611708,0.04141837744500252,0.0,0.0,2.895036815228173
3.3000000000000003,1.751294686427272e+18,8.221011098221679,2.2193568980610006,2.8425124520512073,-0.29973942825012756,0.5453595124367935,1.7605556546279164,-2.3323847382752203,0.011787036647681107,0.0,0.0,2.8425124520512073
3.325,1.7512946864522719e+18,8.272917772655797,2.2445116410061905,2.7736116885676205,-0.3289728683709285,0.5835357588254894,1.7181547960298094,-2.877424799038828,-0.006571448378945362,0.0,0.0,2.7736116885676205
3.35,1.751294686477272e+18,8.327852792442894,2.2711339649462166,2.691378476075284,-0.34763602780156677,0.623939288306517,1.6096353044476095,-3.339832951418366,-0.014105094508947888,0.0,0.0,2.691378476075284
3.375,1.751294686502272e+18,8.379564998739855,2.307322589356897,2.5996911871565556,-0.3537698646177404,0.6579188307691007,1.4220480295196392,-3.7125398625718407,-0.01354552424189868,0.0,0.0,2.5996911871565556
3.4000000000000004,1.751294686527272e+18,8.450877932478761,2.360734652398488,2.5019028777877734,-0.3456451074829762,0.7096927703811708,1.1620197077249257,-4.01389688544303,-0.008596598817690213,0.0,0.0,2.5019028777877734
3.4250000000000003,1.751294686552272e+18,8.513201346840702,2.401845861496766,2.3997561487043306,-0.32223727869432606,0.762577223712108,0.8566265988772782,-4.278107252263499,-0.0026703671169642585,0.0,0.0,2.3997561487043306
3.45,1.7512946865772718e+18,8.577095935621479,2.453908303679458,2.2929923958182283,-0.2842603261034102,0.7985799541641188,0.5464328004378346,-4.540777787682918,0.0019219700763902783,0.0,0.0,2.2929923958182283
3.475,1.751294686602272e+18,8.617392444817137,2.4853958901266235,2.1797988897128016,-0.23517889850195062,0.8323240770988698,0.2732941580636019,-4.824661594991611,0.004204949741387304,0.0,0.0,2.1797988897128016
3.5,1.751294686627272e+18,8.669294289369503,2.545375554368678,2.05792173847277,-0.18141840584317362,0.8030143286637375,0.06812435719841059,-5.130386939687571,0.004310749120436696,0.0,0.0,2.05792173847277
3.5250000000000004,1.7512946866522719e+18,8.700834977361419,2.579392199421538,1.9260110526924128,-0.13118707544057184,0.7808552289158894,-0.05651941706271185,-5.434952205327735,0.003011578512318078,0.0,0.0,1.9260110526924128
3.5500000000000003,1.751294686677272e+18,8.740535656127971,2.6174368789170006,1.7846369340311752,-0.09201545495548362,0.7835617370242295,-0.10692197888941736,-5.697875656663301,0.0012356281833820245,0.0,0.0,1.7846369340311752
3.575,1.751294686702272e+18,8.77111619486489,2.64731983918202,1.636525180650209,-0.06802055851162307,0.7833112033014038,-0.10283372524509612,-5.8723095221611255,-0.00028244411127226226,0.0,0.0,1.636525180650209
3.6,1.751294686727272e+18,8.81407386051621,2.6796200210330614,1.485934884548674,-0.05834566223139926,0.7759483133142646,-0.06927712682508709,-5.917143819873367,-0.0011600226042182504,0.0,0.0,1.485934884548674
3.6250000000000004,1.751294686752272e+18,8.834371917701311,2.6935465757990547,1.3375565856820932,-0.05773354604808644,0.7742988391095822,-0.02885488112549664,-5.806485576826668,-0.001356250001439815,0.0,0.0,1.3375565856820932
3.6500000000000004,1.7512946867772718e+18,8.85431391068999,2.713195739788847,1.1955365201102295,-0.05898903764032295,0.7736459400676722,0.003172015445133656,-5.534501607955893,-0.0010587885677916474,0.0,0.0,1.1955365201102295
3.6750000000000003,1.751294686802272e+18,8.878567147609456,2.7398696964671014,1.0630510300229135,-0.056009015368648676,0.7731390507369443,0.020327630659876587,-5.11556122360851,-0.000540977969368271,0.0,0.0,1.0630510300229135
3.7,1.751294686827272e+18,8.908464684022075,2.76897486388748,0.9424152020541317,-0.0458664870298056,0.7723072986850175,0.02346521246348451,-4.581006985852613,-4.48553673584839e-05,0.0,0.0,0.9424152020541317
3.725,1.7512946868522719e+18,8.912201915701475,2.7709535203739453,0.8353653070008861,-0.029177029453533496,0.7757333739288464,0.01765282219629787,-3.974257012901682,0.0002829971393791294,0.0,0.0,0.8353653070008861
3.7500000000000004,1.751294686877272e+18,8.937896926765834,2.795810500639483,0.7431371025859167,-0.009010912884790568,0.776048955260449,0.008783334672076645,-3.34544691089368,0.0004022047178689407,0.0,0.0,0.7431371025859167
3.7750000000000004,1.751294686902272e+18,8.937314758946235,2.7993792034296145,0.6662185078849311,0.010767360407176105,0.7698333971845703,0.001111909075088536,-2.7460195750764895,0.00035223798176592565,0.0,0.0,0.6662185078849311
3.8000000000000003,1.751294686927272e+18,8.957710626222779,2.8194199295529376,0.6039578083313009,0.026893676030997144,0.7674058450537864,-0.003606025502253917,-2.2231670991296166,0.00021080769087715787,0.0,0.0,0.6039578083313009
3.825,1.751294686952272e+18,8.956393212111527,2.817949112460005,0.5543406337735376,0.03744548566075767,0.7725915498983713,-0.005552582759191936,-1.8141122695317673,5.56004983228631e-05,0.0,0.0,0.5543406337735376
3.85,1.7512946869772718e+18,8.973070337258756,2.833967458469455,0.51414496458858,0.04198485213510336,0.772451084397252,-0.005710452504637131,-1.5407567851827055,-5.993215223504404e-05,0.0,0.0,0.51414496458858
3.8750000000000004,1.751294687002272e+18,8.96099151719569,2.831486012959066,0.47946313702341864,0.04134794349203398,0.7734337399636606,-0.0049845089808534535,-1.405805098299721,-0.00011433951857901753,0.0,0.0,0.47946313702341864
3.9000000000000004,1.751294687027272e+18,8.963057989015063,2.829119054703548,0.4464177326230173,0.03727181043832783,0.7713844410621228,-0.0038860957150718867,-1.391667109206122,-0.00011310778655815166,0.0,0.0,0.4464177326230173
3.9250000000000003,1.7512946870522719e+18,8.97028730244466,2.8361416613537864,0.41186524991021606,0.031913948609833376,0.7712126193449486,-0.0026208023331540406,-1.463037126198703,-7.70568109746792e-05,0.0,0.0,0.41186524991021606
3.95,1.751294687077272e+18,8.972712843187345,2.8415242086258514,0.37393275951710075,0.02726037054365629,0.7696535813072763,-0.0012875313002941662,-1.573132919098832,-3.0216886728446983e-05,0.0,0.0,0.37393275951710075
3.975,1.751294687102272e+18,8.976603594415398,2.845304398780945,0.33229301545667084,0.02448274121140592,0.7693915409955246,4.1089274851800905e-06,-1.6724902416423264,8.843273038220261e-06,0.0,0.0,0.33229301545667084
4.0,1.751294687127272e+18,8.981473615411321,2.8468368591502697,0.28811841550562833,0.023441100083610014,0.7709518869901142,0.0011299254720759772,-1.7183611444173783,3.0800703105305785e-05,0.0,0.0,0.28811841550562833
4.025,1.751294687152272e+18,8.985068073521166,2.850331990863026,0.24369605747271486,0.022625800933599095,0.7708455162582736,0.002005300329432533,-1.6824871844611724,3.508959630051857e-05,0.0,0.0,0.24369605747271486
4.05,1.7512946871772718e+18,8.972564322670802,2.845291006273223,0.20178351050471965,0.019751352480270882,0.7674507275847541,0.0026497644615903365,-1.5554281605584555,2.6861503753577544e-05,0.0,0.0,0.20178351050471965
4.075,1.751294687202272e+18,8.973506061447486,2.8462331218839907,0.16490553013428672,0.012896869954741728,0.7669516822374273,0.0032248097028308707,-1.3465888465009417,1.327915125976843e-05,0.0,0.0,0.16490553013428672
4.1000000000000005,1.751294687227272e+18,8.977306494244491,2.847770858241646,0.13482427832323843,0.0016938943692277344,0.7682854849892433,0.003991384354455914,-1.080269848297385,5.442763667380499e-07,0.0,0.0,0.13482427832323843
4.125,1.7512946872522719e+18,8.977747370667593,2.8482053144461026,0.11230981453311875,-0.01210633556952331,0.7682430364093618,0.005165516179248103,-0.7890781056959504,-7.683304221312784e-06,0.0,0.0,0.11230981453311875
4.15,1.751294687277272e+18,8.994311244973842,2.855084561970497,0.09718540573314378,-0.025113676268660286,0.7704884269066946,0.006743548225852974,-0.5065594251453133,-1.0493371981894412e-05,0.0,0.0,0.09718540573314378
4.175,1.751294687302272e+18,8.99476883821398,2.8555321018824937,0.0885426159670574,-0.03369050932456572,0.7701364514732553,0.008423491937279199,-0.26084856316603217,-8.999315614647815e-06,0.0,0.0,0.0885426159670574
4.2,1.751294687327272e+18,8.989512522586047,2.853199042965208,0.0850268429340966,-0.03555492835572054,0.7722959206939909,0.009697537380617866,-0.07057684625664232,-5.247755604751274e-06,0.0,0.0,0.0850268429340966
4.2250000000000005,1.751294687352272e+18,8.98988941466393,2.853567385789974,0.08512166157306524,-0.03073815228000066,0.7721030846615614,0.010079384046529492,0.05651521095885395,-1.2376158696231519e-06,0.0,0.0,0.08512166157306524
4.25,1.7512946873772718e+18,8.987405351207878,2.852765590680704,0.08737582695998378,-0.021435711422479794,0.7725194646050576,0.009345706709538557,0.1225594863003234,1.685674629959522e-06,0.0,0.0,0.08737582695998378
4.275,1.751294687402272e+18,8.986942617239192,2.852316700453028,0.09053750838536977,-0.01096287113700768,0.7727825306692941,0.007658206012675897,0.13692760702147203,3.009717642068321e-06,0.0,0.0,0.09053750838536977
4.300000000000001,1.751294687427272e+18,8.988861993376942,2.8468380370073683,0.09360139919804042,-0.002474456480882617,0.7733529330815099,0.005494787231498871,0.11293643536887721,2.908984674457762e-06,0.0,0.0,0.09360139919804042
4.325,1.7512946874522719e+18,8.986810699290702,2.849972175249025,0.09581265203631316,0.0019478189560496934,0.7717485191699175,0.0034284987809057367,0.06472308010484935,1.9381518205939574e-06,0.0,0.0,0.09581265203631316
4.3500000000000005,1.751294687477272e+18,8.98732339752019,2.8504757468551944,0.09667211546618573,0.001655358036769242,0.7719239051359091,0.0018844246321875412,0.004843817818973564,7.195033364744452e-07,0.0,0.0,0.09667211546618573
4.375,1.751294687502272e+18,8.987328877082973,2.850484489731586,0.09594955305675054,-0.002584229219639894,0.7719044213753772,0.0010082502321011326,-0.05715023379432853,-2.759422053071941e-07,0.0,0.0,0.09594955305675054
4.4,1.751294687527272e+18,8.981910636725551,2.848999558589814,0.09367229339952701,-0.008784141851526489,0.7712440904959152,0.0006934196812847759,-0.11515112354900922,-8.197534245270441e-07,0.0,0.0,0.09367229339952701
4.425000000000001,1.751294687552272e+18,8.986311811308987,2.8463839135697104,0.09005446959546906,-0.014137865145924149,0.772077504857662,0.0007108477610464135,-0.16610246249834212,-9.082239618511993e-07,0.0,0.0,0.09005446959546906
4.45,1.7512946875772718e+18,8.985077107851938,2.8451903738636517,0.08537456322022706,-0.01577124259896044,0.7723225185174573,0.0008434442765646615,-0.2090447851177541,-6.809954319126323e-07,0.0,0.0,0.08537456322022706
4.4750000000000005,1.751294687602272e+18,8.98570637838519,2.8446035036733024,0.07986132411821491,-0.011819217056760095,0.7715533248711849,0.000958856075401952,-0.24393657656905593,-3.248674761757078e-07,0.0,0.0,0.07986132411821491
4.5,1.751294687627272e+18,8.985099012347586,2.8439866631793347,0.07365461200549765,-0.002435317894083421,0.7716963588802759,0.001012054464791062,-0.27061509243014686,1.7704165077520752e-09,0.0,0.0,0.07365461200549765
4.525,1.7512946876522719e+18,8.985213102613395,2.8474153618369016,0.06685273768887158,0.00986327774105136,0.7707898969017414,0.0010087079456988614,-0.28821087674207485,2.078948223630758e-07,0.0,0.0,0.06685273768887158
4.550000000000001,1.751294687677272e+18,8.985350045229104,2.8475509184696404,0.05959493605097154,0.020915337966946033,0.7709196819118393,0.0009668984395005225,-0.29518674447378657,2.734908521467216e-07,0.0,0.0,0.05959493605097154
4.575,1.751294687702272e+18,8.97271240868045,2.8427336720088348,0.05211776335522029,0.026562649922058965,0.770651496424045,0.0008982436278710341,-0.28995887437034634,2.2971462095921146e-07,0.0,0.0,0.05211776335522029
4.6000000000000005,1.751294687727272e+18,8.972358567235252,2.8423927937678477,0.04476123816590196,0.024520984465440248,0.7707205727173324,0.0008074083257066314,-0.27184030703182704,1.3038485644760614e-07,0.0,0.0,0.04476123816590196
4.625,1.751294687752272e+18,8.985218997082256,2.8479926644569202,0.037930838552386034,0.015540360983389073,0.7712531913901619,0.000697720860610846,-0.24190851723963328,2.6877756073645166e-08,0.0,0.0,0.037930838552386034
4.65,1.7512946877772718e+18,8.985586974812014,2.848351212567102,0.03202335443855321,0.0032141347908970857,0.7713750244104909,0.0005746252639322965,-0.20340117701277008,-4.6996367707077006e-08,0.0,0.0,0.03202335443855321
4.675000000000001,1.751294687802272e+18,8.986440118569092,2.8501922087714795,0.027326217326296774,-0.007522337771190006,0.7697560924107846,0.00044761297345981667,-0.16139943837623186,-7.908473225129364e-08,0.0,0.0,0.027326217326296774
4.7,1.751294687827272e+18,8.984710005851904,2.8464000275371606,0.023921148401060518,-0.012492716896559007,0.7716682002919476,0.0003333879576493094,-0.12181752708779925,-7.472766004027933e-08,0.0,0.0,0.023921148401060518
4.7250000000000005,1.7512946878522719e+18,8.984650490786443,2.846342792495655,0.021640669568758927,-0.009991826615675744,0.7716850337423713,0.0002583585499990024,-0.0899868802158259,-4.866879178672226e-08,0.0,0.0,0.021640669568758927
4.75,1.751294687877272e+18,8.981543844340147,2.844301352309159,0.020110332814866756,-0.0013553701046219828,0.7711242301706889,0.00025498254473509563,-0.0692969076213563,-1.7004171327365657e-08,0.0,0.0,0.020110332814866756
4.775,1.751294687902272e+18,8.977611004663146,2.844365929676358,0.018866841218421422,0.009786861716636844,0.7718628399117503,0.0003487944268811928,-0.06035882491454631,8.333594278133767e-09,0.0,0.0,0.018866841218421422
4.800000000000001,1.751294687927272e+18,8.977183318631504,2.845646910173739,0.017504880861148178,0.019146052873905625,0.7705555381742675,0.0005401086769685358,-0.06098546607511844,2.176715544772969e-08,0.0,0.0,0.017504880861148178
4.825,1.751294687952272e+18,8.977222583369434,2.845685325552254,0.0157949395564171,0.023524907690130145,0.7706202834158947,0.0007915492874422819,-0.0669929899126268,2.3479539597269223e-08,0.0,0.0,0.0157949395564171
4.8500000000000005,1.7512946879772718e+18,8.978474681070646,2.845862778691227,0.013729701880712953,0.02193227217238932,0.7713875569133981,0.001032796184197863,-0.07354215216999654,1.7241515540778094e-08,0.0,0.0,0.013729701880712953
4.875,1.751294688002272e+18,8.978499440651177,2.845887000799835,0.01148714807974666,0.01564582768109219,0.771356670652534,0.001184620473646906,-0.07655976065418364,7.918133903167822e-09,0.0,0.0,0.01148714807974666
4.9,1.751294688027272e+18,8.981402538576408,2.8468510745944724,0.00933252029057088,0.007305317931425398,0.7698625901079155,0.001191738290471763,-0.07377983259041829,-4.502063110658414e-10,0.0,0.0,0.00933252029057088
4.925000000000001,1.7512946880522719e+18,8.981321164917091,2.84677205794137,0.007505072396483242,-0.0004391353977583834,0.769818445018454,0.0010475768114745006,-0.06511000889167239,-5.604794050709016e-09,0.0,0.0,0.007505072396483242
4.95,1.751294688077272e+18,8.9824481679393,2.8474348290297815,0.006136653398274608,-0.006028441950044624,0.7725305754805815,0.0007976678368735041,-0.05228688783330071,-7.118584740732936e-09,0.0,0.0,0.006136653398274608
4.9750000000000005,1.751294688102272e+18,8.982396261133818,2.847384536130027,0.00522765005420433,-0.009335782648039416,0.7725226102802574,0.0005196235213696708,-0.038028543170078546,-5.856663570435818e-09,0.0,0.0,0.00522765005420433
5.0,1.751294688127272e+18,8.978071614605915,2.84664203224172,0.004676450452161275,-0.011173221340643595,0.7705008299769098,0.0002902178217299855,-0.02503363974375165,-3.231940854072288e-09,0.0,0.0,0.004676450452161275
5.025,1.751294688152272e+18,8.978061817806267,2.8466325050996435,0.004338087136522396,-0.012345059958680727,0.770561722521557,0.00015654452661473283,-0.015174977076150887,-5.6337584386329e-10,0.0,0.0,0.004338087136522396
5.050000000000001,1.7512946881772718e+18,8.98309103717259,2.8466412764239153,0.004082586181860251,-0.012868649839715746,0.7698854249064022,0.00012464041560220364,-0.009111938378679048,1.300803635926162e-09,0.0,0.0,0.004082586181860251
5.075,1.751294688202272e+18,8.983143151833238,2.846691862959562,0.0038312166557711337,-0.011867180247379667,0.76992399103285,0.00016829542882428392,-0.006365467498235317,2.074718744944523e-09,0.0,0.0,0.0038312166557711337
5.1000000000000005,1.751294688227272e+18,8.984344133369051,2.847258466269706,0.00356326145173258,-0.008218348008865534,0.7702664104576575,0.0002499340449701375,-0.0057361647157317406,1.9174549330004406e-09,0.0,0.0,0.00356326145173258
5.125,1.7512946882522719e+18,8.97842776482719,2.8428135097331455,0.0032998374910393653,-0.0015653950859258834,0.7711997135165121,0.0003402422555755374,-0.005855953625659491,1.2200369397478622e-09,0.0,0.0,0.0032998374910393653
5.15,1.751294688277272e+18,8.978533707856467,2.842916387754874,0.0030783838549475365,0.006944916606299184,0.7712214304238922,0.00042615185428953266,-0.005663969117852898,3.9831506009880873e-10,0.0,0.0,0.0030783838549475365
5.175000000000001,1.751294688302272e+18,8.978554082173062,2.8429361993537805,0.002930092427955113,0.014699451721066122,0.7712285067903087,0.0005059299163105171,-0.004668708216837973,-2.458249879457151e-10,0.0,0.0,0.002930092427955113
5.2,1.751294688327272e+18,8.972509758906664,2.843190254366541,0.0028666042902748437,0.018513868738445675,0.7709282482417401,0.0005785704953363107,-0.002960461775276954,-5.767429185294491e-10,0.0,0.0,0.0028666042902748437
5.2250000000000005,1.751294688352272e+18,8.976247886500824,2.8434043789872185,0.002876866572495693,0.01600807019968868,0.7719213694666059,0.0006359802193078135,-0.0010284339409085354,-6.062844610999309e-10,0.0,0.0,0.002876866572495693
5.25,1.7512946883772718e+18,8.976232403154407,2.843389351968962,0.002932168429519036,0.00682399420807282,0.7719221115746959,0.0006620821232246781,0.0005122957467077174,-4.3592166951708774e-10,0.0,0.0,0.002932168429519036
5.275,1.751294688402272e+18,8.976770274888542,2.8451330014959897,0.0029961053360000166,-0.006907473851733828,0.7724353561245929,0.0006391299099186493,0.0011751140869367368,-1.9219509001967404e-10,0.0,0.0,0.0029961053360000166
5.300000000000001,1.751294688427272e+18,8.976752642366419,2.845083547231121,0.0030355341184769187,-0.021143952473793814,0.7724758857483398,0.0005591390952546976,0.0007613823207738218,2.1951475199027156e-11,0.0,0.0,0.0030355341184769187
5.325,1.7512946884522719e+18,8.989293203207037,2.844364284551336,0.0030286960317048865,-0.03140639868321635,0.7724729525086571,0.0004349607685506669,-0.0006022550669536201,1.5060528768277665e-10,0.0,0.0,0.0030286960317048865
5.3500000000000005,1.751294688477272e+18,8.989286263905775,2.844357542454554,0.0029681153184527814,-0.03455729595920347,0.7725215264070965,0.00030367452449166124,-0.0025317819885693504,1.8504699738134431e-10,0.0,0.0,0.0029681153184527814
5.375,1.751294688502272e+18,8.981153129227167,2.846012682698608,0.0028583851694632995,-0.03004740140143369,0.7719402533437554,0.00021814312806541948,-0.0045154066172770225,1.4913725633043436e-10,0.0,0.0,0.0028583851694632995
5.4,1.751294688527272e+18,8.98110022612447,2.8459611609615947,0.0027114367784215935,-0.01999107327719779,0.7719283835545447,0.00022838673214899116,-0.006055855854923546,7.991099127803078e-11,0.0,0.0,0.0027114367784215935
5.425000000000001,1.751294688552272e+18,8.983713887813558,2.845280995919948,0.0025427427009686488,-0.008041283110152625,0.7729852291613496,0.00035943188983259846,-0.006786871683439656,1.1190574187466387e-11,0.0,0.0,0.0025427427009686488
5.45,1.7512946885772718e+18,8.983742258926279,2.8453086712672606,0.0023701558966927536,0.002304476856471655,0.7729964687549243,0.0005957841568915808,-0.006542705576912843,-3.578100441060688e-11,0.0,0.0,0.0023701558966927536
5.4750000000000005,1.751294688602272e+18,8.981678818854565,2.845151411820894,0.0022139863271388323,0.009065043203364681,0.7717233343416868,0.0008822301518840273,-0.005375428676562429,-5.4344319815602205e-11,0.0,0.0,0.0022139863271388323
5.5,1.751294688627272e+18,8.98167572480966,2.8451484158527216,0.0020953576973015402,0.012181672793296306,0.7717641418615674,0.0011429448700880477,-0.0035257248460216855,-4.914411265092171e-11,0.0,0.0,0.0020953576973015402
5.525,1.7512946886522719e+18,8.981675264634738,2.84323054931658,0.002031419226197815,0.012959748123447494,0.7718236742781129,0.0013095716584807222,-0.0013588355769989602,-3.0529359474929557e-11,0.0,0.0,0.002031419226197815
5.550000000000001,1.751294688677272e+18,8.981651908854467,2.8432078550016335,0.002029173820047244,0.013046111262758876,0.7719167206195039,0.001343826188871917,0.0007193008917916325,-9.23125477124135e-12,0.0,0.0,0.002029173820047244
5.575,1.751294688702272e+18,8.976019909339822,2.8435981442294613,0.0020816501267772298,0.013548945142981897,0.7721416638244777,0.001245566380211903,0.0023485215768711135,7.123421528944138e-12,0.0,0.0,0.0020816501267772298
5.6000000000000005,1.751294688727272e+18,8.98121738374412,2.845909101857915,0.002169291276712007,0.014660138010339835,0.7700885926820823,0.0010471827350389921,0.0032859522662647624,1.5250396426705437e-11,0.0,0.0,0.002169291276712007
5.625,1.751294688752272e+18,8.981659591451892,2.845657829451624,0.0022665154202982053,0.015805390581582864,0.7707786241613875,0.0008011182833308096,0.003447962384608055,1.5637189051208273e-11,0.0,0.0,0.0022665154202982053
5.65,1.7512946887772718e+18,8.981678420736431,2.8456761023892025,0.0023504207634121475,0.01613052779772932,0.7707152687999912,0.000566579033568889,0.002914875024796429,1.1005856723119152e-11,0.0,0.0,0.0023504207634121475
5.675000000000001,1.751294688802272e+18,8.977192702789864,2.8472401614465332,0.0024072941570936063,0.01506310829465576,0.7705690836128675,0.0003974026218126306,0.0019000012426249407,4.6435290122857626e-12,0.0,0.0,0.0024072941570936063
5.7,1.751294688827272e+18,8.977218211375375,2.8472649395334897,0.002433854330653196,0.012700574349576344,0.770604482654852,0.00033075298079721197,0.0006929325145921609,-8.301319654031296e-13,0.0,0.0,0.002433854330653196
5.7250000000000005,1.7512946888522719e+18,8.977420887661381,2.843880548779791,0.002433656501964278,0.009833215693401853,0.7729354742276501,0.00037802223535359213,-0.00040839066454890393,-4.034673811122194e-12,0.0,0.0,0.002433656501964278
5.75,1.751294688877272e+18,8.979800958362565,2.843648195563887,0.002412455525983805,0.007540858206616117,0.7698435084015711,0.0005220571362088653,-0.0011622502470531877,-4.804200073473697e-12,0.0,0.0,0.002412455525983805
5.775,1.751294688902272e+18,8.982278605116518,2.848310401455923,0.002376456886862611,0.00652444164638767,0.7698038974345698,0.0007236333485678041,-0.0014326279839650814,-3.793041182318435e-12,0.0,0.0,0.002376456886862611
5.800000000000001,1.751294688927272e+18,8.982289046595714,2.8483205324322296,0.002333883171040793,0.006555875719463418,0.7697820634051766,0.0009346106974851969,-0.0012152834305182347,-1.970479347133445e-12,0.0,0.0,0.002333883171040793
5.825,1.751294688952272e+18,8.97136812883727,2.8407921215148404,0.002296587192914853,0.006461917156826904,0.7712815147495871,0.0011107529223516165,-0.0006351271549793043,-2.028314118239003e-13,0.0,0.0,0.002296587192914853
5.8500000000000005,1.7512946889772718e+18,8.971358496903443,2.8407827983910927,0.0022781139393185383,0.004779356185665958,0.7713251621388887,0.0012182508326890513,8.681543576217195e-05,9.788759840055287e-13,0.0,0.0,0.0022781139393185383
5.875,1.751294689002272e+18,8.973627497618896,2.8458958515346224,0.0022877387661481615,0.0007571123806672497,0.7708661663146124,0.001233264727575084,0.0006926494064745764,1.4213545916787157e-12,0.0,0.0,0.0022877387661481615
5.9,1.751294689027272e+18,8.982720397637955,2.846971125357123,0.002323861928273235,-0.004922310773013584,0.7715997387367641,0.0011390846192500057,0.0009606512261047698,1.258123701991169e-12,0.0,0.0,0.002323861928273235
5.925000000000001,1.7512946890522719e+18,8.98270986347778,2.846960900131317,0.0023716953204437475,-0.01020549992225414,0.7715994192395296,0.000927593590279564,0.0007721556466142396,7.625398044487319e-13,0.0,0.0,0.0023716953204437475
5.95,1.751294689077272e+18,8.97724157118785,2.8447665813724097,0.0024079955846625788,-0.012542671604888173,0.7715209962170303,0.0006084944544837902,0.00015026898190617134,2.1119754898183576e-13,0.0,0.0,0.0024079955846625788
5.9750000000000005,1.751294689102272e+18,8.977226949641022,2.844752369804423,0.002411080387202026,-0.010133758535718485,0.7715432851269282,0.00022181774462190043,-0.0007447809658205791,-2.0351079773340846e-13,0.0,0.0,0.002411080387202026
6.0,1.751294689127272e+18,8.97841266454592,2.8429687372241963,0.002370935329969896,-0.002946498274648429,0.7718290048803235,-0.0001572950969990077,-0.0016640249375750977,-4.024638017041102e-13,0.0,0.0,0.002370935329969896
6.025,1.751294689152272e+18,8.978410153252115,2.8429663072428513,0.0022942113472064797,0.006930704367890493,0.7718906192355155,-0.0004305403670298432,-0.002345212687599157,-4.0287953828010213e-13,0.0,0.0,0.0022942113472064797
6.050000000000001,1.7512946891772718e+18,8.97707766047324,2.846447949783548,0.0022018614827334893,0.015735100934686806,0.7684948068409121,-0.0005036152355118646,-0.002587596192248399,-2.7755778765988316e-13,0.0,0.0,0.0022018614827334893
6.075,1.751294689202272e+18,8.977054349561849,2.8464252841574265,0.0021209535281757706,0.019127489440127175,0.7684804991380446,-0.0003158168596437871,-0.0022990950352679332,-1.1175697764178109e-13,0.0,0.0,0.0021209535281757706
6.1000000000000005,1.751294689227272e+18,8.976964803333313,2.846755851186106,0.002074644551704427,0.013594719171789466,0.7703129562325779,0.0001433439494828209,-0.0015019567649956975,2.7975333323931524e-14,0.0,0.0,0.002074644551704427
6.125,1.7512946892522719e+18,8.976951573207293,2.846743074923117,0.002074348184696978,-0.0023017509225814916,0.7703539467526715,0.0008370496944177072,-0.0003022114388867353,1.0768440552844397e-13,0.0,0.0,0.002074348184696978
6.15,1.751294689277272e+18,8.984136653308473,2.8452031704109135,0.002116460335416555,-0.027281451994719243,0.7703154196899658,0.001697251662618047,0.0011562176438433733,1.2461845307660326e-13,0.0,0.0,0.002116460335416555
6.175000000000001,1.751294689302272e+18,8.984148073459053,2.8452142550978365,0.002184076516569742,-0.057569609571101084,0.7702964410165419,0.0026417088196938232,0.002728327765602636,9.660694752051109e-14,0.0,0.0,0.002184076516569742
